code,system
U3M..,readv2
SN570,readv2
Y06,readv2
T740,readv2
Z413.,readv2
Z41..,readv2
Z412.,readv2
Z411.,readv2
ZH119,readv2
Z331.,readv2
092..,readv2
8CM6.,readv2
092Z.,readv2
13WT.,readv2
Z351.,readv2
Z3311,readv2
TLx4z,readv2
ZV1B4,readv2
SN560,readv2
U3Pz.,readv2
TE40z,readv2
ZV154,readv2
Y069,readv2
Y079,readv2
Z628,readv2
Z917,readv2
U3P2.,readv2
U3P1.,readv2
SN57.,readv2
U3P0.,readv2
U3P..,readv2
U3P3.,readv2
SN550,readv2
SN55.,readv2
T74,readv2
T749,readv2
64c..,readv2
Z35..,readv2
13IC0,readv2
13IO.,readv2
15K4.,readv2
15K5.,readv2
15K3.,readv2
15K2.,readv2
15K1.,readv2
TE400,readv2
14XD1,readv2
14X0.,readv2
SN555,readv2
14X5.,readv2
T741,readv2
133I.,readv2
U3M0.,readv2
U3M1.,readv2
8GE1.,readv2
U3M2.,readv2
Z352.,readv2
Z3521,readv2
READ_CODE,readv2
READ_CODE,readv2
READ_CODE,readv2
READ_CODE,readv2
9Eq..,readv2
3874.,readv2
8Hkh.,readv2
9NgB.,readv2
SN55z,readv2
SN553,readv2
13WT2,readv2
13WT0,readv2
13WT1,readv2
13WT4,readv2
13WT3,readv2
1M60.,readv2
7D045,readv2
K578.,readv2
15K6.,readv2
15K0.,readv2
ZV4F8,readv2
U3My.,readv2
ZV4G4,readv2
U3Mz.,readv2
ZV4F9,readv2
U3Ny.,readv2
U3Py.,readv2
Z620,readv2
14XF.,readv2
14XK.,readv2
14XL.,readv2
14XP.,readv2
U3N2.,readv2
TL7..,readv2
U3N1.,readv2
ZV4H5,readv2
ZV4Hy,readv2
ZV4H4,readv2
SyuH5,readv2
U3N0.,readv2
U3N3.,readv2
TL7y.,readv2
U3N..,readv2
U3Nz.,readv2
TL70.,readv2
TL7z.,readv2
ZVu4B,readv2
Z626,readv2
Y068,readv2
T748,readv2
Y07,readv2
Z625,readv2
Y078,readv2
SN551,readv2
0AL..,readv2
14Of.,readv2
14X7.,readv2
ZV4H3,readv2
14XD0,readv2
14X2.,readv2
Z624,readv2
0AK1.,readv2
0AKZ.,readv2
0AK2.,readv2
0AK..,readv2
0AK3.,readv2
9H3Z.,readv2
14XH.,readv2
14XD.,readv2
14XG.,readv2
14XD2,readv2
14XN.,readv2
ZV612,readv2
6254.,readv2
K5781,readv2
K5782,readv2
14XQ.,readv2
K5783,readv2
K5780,readv2
TLx40,readv2
TLx4.,readv2
TLx41,readv2
U1B3.,readv2
13IC.,readv2
13IM.,readv2
13ICZ,readv2
13Id.,readv2
SN430,readv2
SN420,readv2
SN554,readv2
15K..,readv2
ZV159,readv2
14X..,readv2
13WC.,readv2
TE404,readv2
14X8.,readv2
14XE.,readv2
13W40,readv2
14X3.,readv2
Eu620,readv2
ZV4J8,readv2
ZV4G5,readv2
13Iw.,readv2
ZV705,readv2
SN556,readv2
TE4..,readv2
SN552,readv2
TE40.,readv2
14X60,readv2
14X1.,readv2
SN571,readv2
14X6.,readv2
T742,readv2
13Iv.,readv2
13Hl.,readv2
ZV4H2,readv2
Z623,readv2
13H7.,readv2
Z22A9,readv2
TE401,readv2
7D001,readv2
7D000,readv2
14XR.,readv2
13II.,readv2
ZU272,readv2
Z9KG1,readv2
15L..,readv2
ZV4H6,readv2
13Ie.,readv2
9F7..,readv2
9FA..,readv2
14XJ.,readv2
T743,readv2
SN572,readv2
Eu6y2,readv2
7C256,readv2
ZV502,readv2
8CM60,readv2
14XM.,readv2
Z628,readv2
Y070,readv2
Y060,readv2
Z628,readv2
Z628,readv2
Z628,readv2
Y062,readv2
Y072,readv2
Y061,readv2
Y071,readv2
Z918,readv2
Z914,readv2
Y073,readv2
Z605,readv2